{"cameraMode":{"drawMode":0,"name":"Shaded","section":"Shading Mode"},"sceneLighting":false,"audioPlay":false,"sceneViewState":{"showFog":true,"showMaterialUpdate":false,"showSkybox":true,"showFlares":true,"showImageEffects":true,"showParticleSystems":true},"in2DMode":false,"pivot":{"x":-0.043393850326538089,"y":-0.07171943783760071,"z":3.58189058303833},"rotation":{"x":0.04446808993816376,"y":-0.8313329815864563,"z":-0.06722664088010788,"w":-0.5498988628387451},"size":4.620419979095459,"orthographic":true}