{"cameraMode":{"drawMode":0,"name":"Shaded","section":"Shading Mode"},"sceneLighting":true,"audioPlay":false,"sceneViewState":{"showFog":true,"showMaterialUpdate":false,"showSkybox":true,"showFlares":true,"showImageEffects":true,"showParticleSystems":true},"in2DMode":false,"pivot":{"x":0.5033938884735107,"y":-0.14171946048736573,"z":6.768109321594238},"rotation":{"x":0.003250790759921074,"y":-0.9955831170082092,"z":0.03766050189733505,"w":0.08593858033418656},"size":6.282866954803467,"orthographic":true}